Council Area code,Council Area,Year,Median (£),Mean (£),Count,Total value (£),Lower quartile (£),Upper quartile (£)
S12000005,Clackmannanshire,2004," 70,000 "," 89,457 "," 1,410 "," 126,134,755 "," 43,819 "," 127,995 "
S12000005,Clackmannanshire,2005," 79,000 "," 100,788 "," 1,551 "," 156,321,603 "," 53,000 "," 141,000 "
S12000005,Clackmannanshire,2006," 95,000 "," 120,971 "," 1,686 "," 203,957,445 "," 66,000 "," 163,374 "
S12000005,Clackmannanshire,2007," 116,995 "," 141,370 "," 1,677 "," 237,077,444 "," 83,000 "," 177,000 "
S12000005,Clackmannanshire,2008," 105,000 "," 134,111 ", 959 ," 128,612,707 "," 77,000 "," 172,000 "
S12000005,Clackmannanshire,2009," 115,000 "," 131,868 ", 573 ," 75,560,438 "," 79,995 "," 160,000 "
S12000005,Clackmannanshire,2010," 100,000 "," 129,155 ", 604 ," 78,009,566 "," 73,000 "," 159,995 "
S12000005,Clackmannanshire,2011," 93,000 "," 127,383 ", 561 ," 71,461,923 "," 70,000 "," 160,000 "
S12000005,Clackmannanshire,2012," 95,000 "," 128,308 ", 577 ," 74,033,779 "," 68,000 "," 153,000 "
S12000005,Clackmannanshire,2013," 105,000 "," 123,236 ", 763 ," 94,029,402 "," 69,250 "," 160,000 "
S12000005,Clackmannanshire,2014," 120,000 "," 133,093 ", 845 ," 112,463,900 "," 76,300 "," 170,000 "
S12000005,Clackmannanshire,2015," 112,000 "," 134,862 ", 861 ," 116,116,123 "," 73,000 "," 175,000 "
S12000005,Clackmannanshire,2016," 110,000 "," 131,872 ", 977 ," 128,839,273 "," 73,000 "," 172,000 "
S12000005,Clackmannanshire,2017," 117,000 "," 136,940 ", 894 ," 122,424,189 "," 75,000 "," 175,000 "
S12000005,Clackmannanshire,2018," 127,418 "," 145,640 ", 955 ," 139,085,919 "," 85,000 "," 186,000 "
S12000005,Clackmannanshire,2019," 132,995 "," 152,437 ", 895 ," 136,430,966 "," 83,500 "," 193,250 "
S12000005,Clackmannanshire,2020," 133,075 "," 159,501 ", 814 ," 129,834,054 "," 85,000 "," 206,375 "
S12000005,Clackmannanshire,2021," 145,182 "," 169,370 ", 983 ," 166,490,422 "," 90,000 "," 219,995 "
S12000005,Clackmannanshire,2022," 151,255 "," 182,214 ", 953 ," 173,649,828 "," 96,000 "," 245,500 "
S12000005,Clackmannanshire,2023," 140,000 "," 182,182 ", 863 ," 157,222,837 "," 97,000 "," 237,000 "
S12000005,Clackmannanshire,2024," 150,000 "," 185,231 ", 812 ," 150,407,675 "," 107,375 "," 245,375 "
S12000006,Dumfries and Galloway,2004," 83,000 "," 102,293 "," 3,329 "," 340,534,297 "," 52,500 "," 131,950 "
S12000006,Dumfries and Galloway,2005," 93,000 "," 113,146 "," 3,088 "," 349,394,592 "," 63,204 "," 148,000 "
S12000006,Dumfries and Galloway,2006," 110,000 "," 126,868 "," 3,232 "," 410,038,789 "," 75,000 "," 160,000 "
S12000006,Dumfries and Galloway,2007," 120,000 "," 138,501 "," 3,336 "," 462,038,997 "," 85,000 "," 174,000 "
S12000006,Dumfries and Galloway,2008," 123,000 "," 144,605 "," 2,256 "," 326,229,061 "," 85,000 "," 175,000 "
S12000006,Dumfries and Galloway,2009," 117,750 "," 135,104 "," 1,688 "," 228,055,432 "," 82,000 "," 169,613 "
S12000006,Dumfries and Galloway,2010," 121,000 "," 138,493 "," 1,885 "," 261,060,192 "," 83,555 "," 172,000 "
S12000006,Dumfries and Galloway,2011," 115,000 "," 135,342 "," 1,787 "," 241,856,201 "," 82,000 "," 167,750 "
S12000006,Dumfries and Galloway,2012," 117,000 "," 137,525 "," 1,705 "," 234,480,732 "," 80,000 "," 167,500 "
S12000006,Dumfries and Galloway,2013," 116,000 "," 132,491 "," 1,964 "," 260,213,049 "," 78,000 "," 165,000 "
S12000006,Dumfries and Galloway,2014," 120,000 "," 135,578 "," 1,938 "," 262,750,454 "," 80,000 "," 170,000 "
S12000006,Dumfries and Galloway,2015," 120,000 "," 135,850 "," 2,112 "," 286,915,923 "," 80,000 "," 170,000 "
S12000006,Dumfries and Galloway,2016," 120,000 "," 135,977 "," 2,261 "," 307,444,537 "," 80,000 "," 171,000 "
S12000006,Dumfries and Galloway,2017," 123,000 "," 137,694 "," 2,486 "," 342,307,524 "," 82,000 "," 170,189 "
S12000006,Dumfries and Galloway,2018," 130,000 "," 148,508 "," 2,509 "," 372,606,582 "," 86,500 "," 186,225 "
S12000006,Dumfries and Galloway,2019," 129,250 "," 146,731 "," 2,602 "," 381,793,498 "," 85,000 "," 182,263 "
S12000006,Dumfries and Galloway,2020," 130,000 "," 152,644 "," 2,134 "," 325,742,805 "," 85,335 "," 190,000 "
S12000006,Dumfries and Galloway,2021," 140,000 "," 168,794 "," 2,888 "," 487,477,414 "," 91,443 "," 215,000 "
S12000006,Dumfries and Galloway,2022," 150,000 "," 184,505 "," 2,425 "," 447,424,268 "," 100,000 "," 235,000 "
S12000006,Dumfries and Galloway,2023," 152,500 "," 181,400 "," 2,226 "," 403,796,825 "," 100,000 "," 230,000 "
S12000006,Dumfries and Galloway,2024," 155,325 "," 186,245 "," 2,364 "," 440,283,532 "," 106,075 "," 242,625 "
S12000008,East Ayrshire,2004," 59,995 "," 76,797 "," 2,949 "," 226,474,246 "," 33,500 "," 100,000 "
S12000008,East Ayrshire,2005," 74,000 "," 91,833 "," 3,029 "," 278,160,700 "," 48,000 "," 120,000 "
S12000008,East Ayrshire,2006," 87,375 "," 104,645 "," 3,420 "," 357,884,258 "," 60,228 "," 135,000 "
S12000008,East Ayrshire,2007," 103,250 "," 120,580 "," 3,552 "," 428,300,537 "," 72,000 "," 151,000 "
S12000008,East Ayrshire,2008," 101,275 "," 125,769 "," 2,274 "," 285,998,849 "," 70,000 "," 154,794 "
S12000008,East Ayrshire,2009," 90,126 "," 116,653 "," 1,362 "," 158,881,379 "," 63,501 "," 145,000 "
S12000008,East Ayrshire,2010," 92,000 "," 115,496 "," 1,338 "," 154,533,076 "," 62,000 "," 145,750 "
S12000008,East Ayrshire,2011," 91,000 "," 117,183 "," 1,373 "," 160,892,183 "," 61,000 "," 148,000 "
S12000008,East Ayrshire,2012," 85,000 "," 108,985 "," 1,369 "," 149,200,417 "," 57,000 "," 140,000 "
S12000008,East Ayrshire,2013," 84,000 "," 105,419 "," 1,526 "," 160,869,752 "," 52,000 "," 141,488 "
S12000008,East Ayrshire,2014," 85,000 "," 106,698 "," 1,729 "," 184,480,379 "," 55,000 "," 145,000 "
S12000008,East Ayrshire,2015," 92,000 "," 113,481 "," 1,832 "," 207,896,312 "," 57,583 "," 154,670 "
S12000008,East Ayrshire,2016," 94,750 "," 114,389 "," 2,064 "," 236,098,306 "," 59,000 "," 155,000 "
S12000008,East Ayrshire,2017," 97,550 "," 119,870 "," 2,261 "," 271,026,520 "," 59,000 "," 165,000 "
S12000008,East Ayrshire,2018," 105,000 "," 120,898 "," 2,109 "," 254,974,758 "," 60,000 "," 169,000 "
S12000008,East Ayrshire,2019," 95,000 "," 117,454 "," 2,159 "," 253,582,515 "," 60,000 "," 162,125 "
S12000008,East Ayrshire,2020," 101,000 "," 125,598 "," 1,749 "," 219,670,867 "," 63,000 "," 174,500 "
S12000008,East Ayrshire,2021," 106,000 "," 134,669 "," 2,535 "," 341,385,596 "," 65,000 "," 185,000 "
S12000008,East Ayrshire,2022," 125,000 "," 154,730 "," 2,321 "," 359,128,267 "," 73,000 "," 220,000 "
S12000008,East Ayrshire,2023," 116,000 "," 149,566 "," 2,111 "," 315,732,903 "," 69,248 "," 205,050 "
S12000008,East Ayrshire,2024," 116,078 "," 150,287 "," 2,140 "," 321,613,808 "," 70,548 "," 205,000 "
S12000010,East Lothian,2004," 114,800 "," 147,083 "," 2,325 "," 341,969,067 "," 77,000 "," 190,000 "
S12000010,East Lothian,2005," 130,615 "," 162,480 "," 2,510 "," 407,825,443 "," 91,000 "," 198,875 "
S12000010,East Lothian,2006," 145,000 "," 175,451 "," 2,885 "," 506,177,558 "," 105,000 "," 217,000 "
S12000010,East Lothian,2007," 168,120 "," 209,878 "," 2,980 "," 625,437,415 "," 124,000 "," 240,000 "
S12000010,East Lothian,2008," 165,000 "," 198,474 "," 1,820 "," 361,222,189 "," 124,000 "," 229,238 "
S12000010,East Lothian,2009," 153,600 "," 196,650 "," 1,232 "," 242,273,028 "," 120,000 "," 225,000 "
S12000010,East Lothian,2010," 165,000 "," 213,123 "," 1,404 "," 299,224,864 "," 120,375 "," 249,996 "
S12000010,East Lothian,2011," 159,000 "," 200,014 "," 1,254 "," 250,817,319 "," 119,088 "," 235,080 "
S12000010,East Lothian,2012," 156,750 "," 200,023 "," 1,438 "," 287,632,900 "," 115,000 "," 235,000 "
S12000010,East Lothian,2013," 160,000 "," 206,109 "," 1,583 "," 326,270,281 "," 115,945 "," 248,500 "
S12000010,East Lothian,2014," 165,000 "," 212,928 "," 1,734 "," 369,217,466 "," 122,000 "," 250,000 "
S12000010,East Lothian,2015," 175,000 "," 223,395 "," 1,868 "," 417,302,001 "," 125,000 "," 265,000 "
S12000010,East Lothian,2016," 173,000 "," 217,772 "," 1,924 "," 418,993,718 "," 125,000 "," 267,000 "
S12000010,East Lothian,2017," 183,000 "," 231,822 "," 2,237 "," 518,586,814 "," 135,000 "," 285,000 "
S12000010,East Lothian,2018," 199,950 "," 241,936 "," 2,241 "," 542,178,620 "," 145,000 "," 303,995 "
S12000010,East Lothian,2019," 218,000 "," 263,973 "," 2,424 "," 639,871,372 "," 155,025 "," 321,138 "
S12000010,East Lothian,2020," 239,000 "," 280,869 "," 1,958 "," 549,941,420 "," 169,853 "," 334,746 "
S12000010,East Lothian,2021," 245,995 "," 297,817 "," 2,488 "," 740,968,621 "," 178,900 "," 349,995 "
S12000010,East Lothian,2022," 273,500 "," 317,656 "," 2,255 "," 716,315,242 "," 198,000 "," 374,998 "
S12000010,East Lothian,2023," 283,611 "," 326,769 "," 2,216 "," 724,121,076 "," 200,000 "," 395,000 "
S12000010,East Lothian,2024," 275,000 "," 323,845 "," 2,186 "," 707,925,969 "," 200,000 "," 381,999 "
S12000011,East Renfrewshire,2004," 140,000 "," 169,923 "," 1,875 "," 318,605,884 "," 90,000 "," 226,000 "
S12000011,East Renfrewshire,2005," 145,000 "," 176,799 "," 1,876 "," 331,674,416 "," 94,000 "," 230,031 "
S12000011,East Renfrewshire,2006," 155,000 "," 189,920 "," 2,095 "," 397,881,909 "," 100,000 "," 249,875 "
S12000011,East Renfrewshire,2007," 170,000 "," 208,000 "," 2,078 "," 432,224,844 "," 115,625 "," 253,000 "
S12000011,East Renfrewshire,2008," 178,995 "," 214,669 "," 1,443 "," 309,767,685 "," 120,000 "," 276,743 "
S12000011,East Renfrewshire,2009," 170,000 "," 204,400 "," 1,147 "," 234,446,637 "," 110,000 "," 250,000 "
S12000011,East Renfrewshire,2010," 173,750 "," 210,313 "," 1,260 "," 264,994,388 "," 115,000 "," 270,000 "
S12000011,East Renfrewshire,2011," 170,000 "," 207,416 "," 1,208 "," 250,558,417 "," 115,000 "," 260,688 "
S12000011,East Renfrewshire,2012," 178,323 "," 209,584 "," 1,324 "," 277,489,207 "," 117,000 "," 270,000 "
S12000011,East Renfrewshire,2013," 188,000 "," 217,410 "," 1,617 "," 351,551,742 "," 118,500 "," 285,000 "
S12000011,East Renfrewshire,2014," 200,000 "," 230,107 "," 1,649 "," 379,447,059 "," 125,000 "," 309,995 "
S12000011,East Renfrewshire,2015," 205,000 "," 230,386 "," 1,867 "," 430,129,787 "," 125,000 "," 300,159 "
S12000011,East Renfrewshire,2016," 215,000 "," 245,538 "," 1,741 "," 427,481,112 "," 138,000 "," 325,000 "
S12000011,East Renfrewshire,2017," 226,000 "," 254,489 "," 1,793 "," 456,299,495 "," 135,125 "," 340,000 "
S12000011,East Renfrewshire,2018," 230,000 "," 261,870 "," 1,706 "," 446,749,554 "," 145,625 "," 345,000 "
S12000011,East Renfrewshire,2019," 230,000 "," 255,679 "," 1,736 "," 443,859,325 "," 145,456 "," 330,000 "
S12000011,East Renfrewshire,2020," 252,250 "," 275,159 "," 1,510 "," 415,489,492 "," 155,514 "," 364,246 "
S12000011,East Renfrewshire,2021," 257,500 "," 289,077 "," 2,011 "," 581,334,760 "," 165,000 "," 375,000 "
S12000011,East Renfrewshire,2022," 280,000 "," 313,825 "," 1,855 "," 582,145,109 "," 180,000 "," 405,032 "
S12000011,East Renfrewshire,2023," 286,000 "," 328,694 "," 1,718 "," 564,696,342 "," 175,863 "," 428,981 "
S12000011,East Renfrewshire,2024," 285,500 "," 327,866 "," 1,655 "," 542,618,244 "," 182,850 "," 419,998 "
S12000013,Na h-Eileanan Siar,2004," 55,000 "," 58,598 ", 371 ," 21,739,710 "," 28,730 "," 80,000 "
S12000013,Na h-Eileanan Siar,2005," 72,000 "," 77,282 ", 327 ," 25,271,328 "," 52,250 "," 92,500 "
S12000013,Na h-Eileanan Siar,2006," 75,000 "," 78,707 ", 331 ," 26,051,998 "," 51,133 "," 100,000 "
S12000013,Na h-Eileanan Siar,2007," 87,000 "," 93,926 ", 376 ," 35,316,318 "," 60,000 "," 118,500 "
S12000013,Na h-Eileanan Siar,2008," 90,000 "," 100,215 ", 287 ," 28,761,568 "," 60,000 "," 130,125 "
S12000013,Na h-Eileanan Siar,2009," 87,500 "," 92,057 ", 219 ," 20,160,426 "," 60,000 "," 117,500 "
S12000013,Na h-Eileanan Siar,2010," 86,250 "," 96,584 ", 240 ," 23,180,223 "," 63,750 "," 124,999 "
S12000013,Na h-Eileanan Siar,2011," 87,250 "," 97,405 ", 272 ," 26,494,155 "," 61,500 "," 120,000 "
S12000013,Na h-Eileanan Siar,2012," 90,000 "," 101,282 ", 228 ," 23,092,389 "," 67,750 "," 125,875 "
S12000013,Na h-Eileanan Siar,2013," 91,000 "," 100,760 ", 254 ," 25,593,160 "," 69,250 "," 125,000 "
S12000013,Na h-Eileanan Siar,2014," 88,000 "," 98,763 ", 289 ," 28,542,622 "," 68,000 "," 122,000 "
S12000013,Na h-Eileanan Siar,2015," 91,750 "," 102,112 ", 326 ," 33,288,401 "," 65,000 "," 128,750 "
S12000013,Na h-Eileanan Siar,2016," 95,000 "," 105,751 ", 347 ," 36,695,750 "," 69,250 "," 138,250 "
S12000013,Na h-Eileanan Siar,2017," 95,000 "," 103,925 ", 405 ," 42,089,426 "," 65,000 "," 130,000 "
S12000013,Na h-Eileanan Siar,2018," 100,000 "," 111,831 ", 325 ," 36,345,074 "," 77,000 "," 137,500 "
S12000013,Na h-Eileanan Siar,2019," 117,000 "," 121,665 ", 347 ," 42,217,671 "," 84,500 "," 150,000 "
S12000013,Na h-Eileanan Siar,2020," 123,000 "," 135,509 ", 259 ," 35,096,777 "," 84,480 "," 175,000 "
S12000013,Na h-Eileanan Siar,2021," 126,000 "," 141,463 ", 437 ," 61,819,530 "," 90,000 "," 170,000 "
S12000013,Na h-Eileanan Siar,2022," 137,000 "," 153,692 ", 327 ," 50,257,295 "," 100,500 "," 196,500 "
S12000013,Na h-Eileanan Siar,2023," 150,000 "," 168,083 ", 294 ," 49,416,257 "," 113,500 "," 200,000 "
S12000013,Na h-Eileanan Siar,2024," 148,000 "," 163,038 ", 313 ," 51,030,894 "," 105,000 "," 200,000 "
S12000014,Falkirk,2004," 70,950 "," 86,858 "," 4,467 "," 387,994,172 "," 41,000 "," 120,078 "
S12000014,Falkirk,2005," 82,001 "," 97,817 "," 4,500 "," 440,175,125 "," 55,000 "," 130,100 "
S12000014,Falkirk,2006," 92,000 "," 110,038 "," 4,557 "," 501,443,604 "," 65,000 "," 145,000 "
S12000014,Falkirk,2007," 105,000 "," 124,985 "," 4,557 "," 569,558,172 "," 75,000 "," 162,000 "
S12000014,Falkirk,2008," 107,000 "," 126,708 "," 3,068 "," 388,741,508 "," 75,000 "," 164,995 "
S12000014,Falkirk,2009," 102,250 "," 118,992 "," 1,789 "," 212,876,799 "," 75,000 "," 153,000 "
S12000014,Falkirk,2010," 102,000 "," 121,330 "," 1,993 "," 241,809,997 "," 72,000 "," 155,000 "
S12000014,Falkirk,2011," 102,505 "," 122,286 "," 1,983 "," 242,493,172 "," 71,000 "," 160,000 "
S12000014,Falkirk,2012," 100,000 "," 118,951 "," 2,112 "," 251,224,957 "," 67,282 "," 158,625 "
S12000014,Falkirk,2013," 100,000 "," 121,335 "," 2,391 "," 290,111,755 "," 67,000 "," 160,000 "
S12000014,Falkirk,2014," 102,998 "," 122,541 "," 2,724 "," 333,801,183 "," 70,000 "," 161,995 "
S12000014,Falkirk,2015," 108,000 "," 127,040 "," 2,795 "," 355,077,735 "," 72,000 "," 165,000 "
S12000014,Falkirk,2016," 110,000 "," 133,074 "," 2,957 "," 393,498,368 "," 75,000 "," 175,000 "
S12000014,Falkirk,2017," 115,000 "," 136,502 "," 3,056 "," 417,148,734 "," 75,000 "," 182,995 "
S12000014,Falkirk,2018," 125,950 "," 147,022 "," 3,017 "," 443,564,717 "," 82,000 "," 189,995 "
S12000014,Falkirk,2019," 126,975 "," 151,003 "," 2,970 "," 448,477,653 "," 85,000 "," 195,903 "
S12000014,Falkirk,2020," 134,750 "," 156,367 "," 2,456 "," 384,038,053 "," 87,000 "," 204,525 "
S12000014,Falkirk,2021," 136,500 "," 165,440 "," 3,125 "," 516,999,153 "," 91,500 "," 214,995 "
S12000014,Falkirk,2022," 150,000 "," 181,523 "," 2,796 "," 507,538,535 "," 104,375 "," 235,154 "
S12000014,Falkirk,2023," 155,000 "," 185,809 "," 2,620 "," 486,818,864 "," 105,538 "," 239,995 "
S12000014,Falkirk,2024," 155,500 "," 186,509 "," 2,766 "," 515,883,878 "," 110,000 "," 245,000 "
S12000017,Highland,2004," 89,500 "," 103,648 "," 5,167 "," 535,548,485 "," 55,000 "," 139,000 "
S12000017,Highland,2005," 104,995 "," 119,628 "," 5,393 "," 645,155,191 "," 70,500 "," 159,000 "
S12000017,Highland,2006," 125,000 "," 139,909 "," 5,670 "," 793,285,565 "," 85,500 "," 180,000 "
S12000017,Highland,2007," 142,600 "," 155,050 "," 6,098 "," 945,492,249 "," 96,000 "," 195,500 "
S12000017,Highland,2008," 142,000 "," 157,837 "," 4,151 "," 655,180,751 "," 95,625 "," 200,000 "
S12000017,Highland,2009," 137,500 "," 153,897 "," 3,182 "," 489,699,086 "," 95,000 "," 191,000 "
S12000017,Highland,2010," 137,500 "," 156,725 "," 3,402 "," 533,178,833 "," 95,000 "," 195,000 "
S12000017,Highland,2011," 140,000 "," 155,265 "," 2,908 "," 451,511,756 "," 95,000 "," 194,000 "
S12000017,Highland,2012," 135,128 "," 153,093 "," 3,036 "," 464,788,869 "," 98,500 "," 190,000 "
S12000017,Highland,2013," 140,000 "," 155,441 "," 3,512 "," 545,909,029 "," 100,000 "," 191,500 "
S12000017,Highland,2014," 148,000 "," 162,584 "," 4,076 "," 662,693,169 "," 105,000 "," 200,125 "
S12000017,Highland,2015," 152,500 "," 167,407 "," 3,947 "," 660,756,406 "," 108,000 "," 210,000 "
S12000017,Highland,2016," 153,000 "," 168,930 "," 4,460 "," 753,425,926 "," 110,000 "," 215,000 "
S12000017,Highland,2017," 158,000 "," 174,807 "," 4,629 "," 809,183,489 "," 110,000 "," 221,000 "
S12000017,Highland,2018," 165,000 "," 181,528 "," 4,529 "," 822,138,628 "," 115,013 "," 230,000 "
S12000017,Highland,2019," 168,000 "," 185,260 "," 4,530 "," 839,225,698 "," 122,000 "," 232,000 "
S12000017,Highland,2020," 175,000 "," 193,664 "," 3,686 "," 713,844,300 "," 125,000 "," 245,000 "
S12000017,Highland,2021," 186,000 "," 209,021 "," 4,969 "," 1,038,627,281 "," 133,000 "," 261,000 "
S12000017,Highland,2022," 200,000 "," 224,294 "," 4,439 "," 995,639,627 "," 140,000 "," 284,973 "
S12000017,Highland,2023," 203,000 "," 228,507 "," 3,822 "," 873,352,608 "," 141,000 "," 289,000 "
S12000017,Highland,2024," 210,000 "," 233,546 "," 4,009 "," 936,284,109 "," 145,000 "," 295,000 "
S12000018,Inverclyde,2004," 65,000 "," 96,845 "," 1,813 "," 175,580,168 "," 40,000 "," 120,000 "
S12000018,Inverclyde,2005," 78,000 "," 105,142 "," 1,872 "," 196,825,467 "," 51,000 "," 131,513 "
S12000018,Inverclyde,2006," 85,000 "," 116,165 "," 2,002 "," 232,561,788 "," 57,144 "," 144,875 "
S12000018,Inverclyde,2007," 94,500 "," 124,265 "," 2,139 "," 265,802,396 "," 65,500 "," 153,750 "
S12000018,Inverclyde,2008," 98,000 "," 130,536 "," 1,523 "," 198,806,892 "," 70,000 "," 165,000 "
S12000018,Inverclyde,2009," 90,000 "," 117,567 "," 1,027 "," 120,741,139 "," 65,000 "," 150,000 "
S12000018,Inverclyde,2010," 96,125 "," 130,200 ", 970 ," 126,294,260 "," 66,775 "," 165,000 "
S12000018,Inverclyde,2011," 93,000 "," 120,048 ", 953 ," 114,405,614 "," 60,000 "," 157,000 "
S12000018,Inverclyde,2012," 91,000 "," 121,983 ", 865 ," 105,515,687 "," 62,000 "," 163,000 "
S12000018,Inverclyde,2013," 90,000 "," 118,930 "," 1,049 "," 124,757,581 "," 56,000 "," 155,000 "
S12000018,Inverclyde,2014," 96,745 "," 124,807 "," 1,078 "," 134,542,283 "," 62,500 "," 163,000 "
S12000018,Inverclyde,2015," 103,000 "," 132,582 "," 1,140 "," 151,143,404 "," 61,713 "," 172,000 "
S12000018,Inverclyde,2016," 95,000 "," 123,752 "," 1,264 "," 156,422,109 "," 57,500 "," 160,000 "
S12000018,Inverclyde,2017," 92,000 "," 118,618 "," 1,307 "," 155,033,936 "," 55,000 "," 157,050 "
S12000018,Inverclyde,2018," 93,000 "," 121,807 "," 1,299 "," 158,227,738 "," 56,000 "," 170,000 "
S12000018,Inverclyde,2019," 97,250 "," 120,740 "," 1,348 "," 162,758,113 "," 60,000 "," 165,000 "
S12000018,Inverclyde,2020," 96,750 "," 128,275 "," 1,264 "," 162,139,798 "," 50,000 "," 185,000 "
S12000018,Inverclyde,2021," 103,000 "," 135,626 "," 1,621 "," 219,849,459 "," 55,000 "," 175,000 "
S12000018,Inverclyde,2022," 95,000 "," 132,961 "," 1,363 "," 181,225,393 "," 53,000 "," 167,250 "
S12000018,Inverclyde,2023," 102,781 "," 134,666 "," 1,207 "," 162,541,596 "," 60,000 "," 170,034 "
S12000018,Inverclyde,2024," 115,000 "," 158,682 "," 1,240 "," 196,765,919 "," 67,000 "," 205,114 "
S12000019,Midlothian,2004," 95,000 "," 120,863 "," 1,604 "," 193,864,694 "," 65,000 "," 155,000 "
S12000019,Midlothian,2005," 110,000 "," 131,150 "," 1,541 "," 202,102,156 "," 82,000 "," 161,161 "
S12000019,Midlothian,2006," 124,500 "," 148,058 "," 1,763 "," 261,026,788 "," 95,000 "," 180,303 "
S12000019,Midlothian,2007," 140,000 "," 167,106 "," 1,950 "," 325,855,844 "," 114,000 "," 197,500 "
S12000019,Midlothian,2008," 147,000 "," 171,417 "," 1,554 "," 266,382,684 "," 118,000 "," 209,000 "
S12000019,Midlothian,2009," 143,625 "," 171,304 ", 938 ," 160,683,301 "," 110,000 "," 209,063 "
S12000019,Midlothian,2010," 147,998 "," 171,103 "," 1,014 "," 173,498,399 "," 114,002 "," 205,000 "
S12000019,Midlothian,2011," 145,000 "," 164,184 ", 879 ," 144,318,116 "," 109,000 "," 202,250 "
S12000019,Midlothian,2012," 139,000 "," 171,017 "," 1,015 "," 173,582,507 "," 105,000 "," 206,750 "
S12000019,Midlothian,2013," 153,000 "," 178,307 "," 1,390 "," 247,846,755 "," 110,613 "," 219,750 "
S12000019,Midlothian,2014," 152,000 "," 173,943 "," 1,585 "," 275,699,131 "," 112,000 "," 219,000 "
S12000019,Midlothian,2015," 164,000 "," 183,578 "," 1,643 "," 301,618,836 "," 120,000 "," 221,650 "
S12000019,Midlothian,2016," 166,000 "," 192,561 "," 1,897 "," 365,287,674 "," 126,000 "," 240,500 "
S12000019,Midlothian,2017," 172,125 "," 200,478 "," 1,860 "," 372,889,372 "," 127,475 "," 250,000 "
S12000019,Midlothian,2018," 184,000 "," 217,004 "," 1,784 "," 387,134,528 "," 135,000 "," 269,996 "
S12000019,Midlothian,2019," 195,000 "," 226,084 "," 1,852 "," 418,708,309 "," 143,375 "," 285,000 "
S12000019,Midlothian,2020," 205,000 "," 237,390 "," 1,605 "," 381,011,517 "," 155,000 "," 300,000 "
S12000019,Midlothian,2021," 232,350 "," 256,532 "," 2,206 "," 565,910,100 "," 165,000 "," 322,999 "
S12000019,Midlothian,2022," 250,000 "," 275,048 "," 1,941 "," 533,868,954 "," 180,000 "," 345,995 "
S12000019,Midlothian,2023," 260,000 "," 292,069 "," 1,756 "," 512,873,207 "," 182,000 "," 375,000 "
S12000019,Midlothian,2024," 250,500 "," 288,041 "," 1,819 "," 523,946,074 "," 180,000 "," 365,025 "
S12000020,Moray,2004," 73,375 "," 86,497 "," 2,072 "," 179,221,402 "," 50,000 "," 112,000 "
S12000020,Moray,2005," 87,000 "," 102,586 "," 2,137 "," 219,226,352 "," 60,000 "," 130,000 "
S12000020,Moray,2006," 97,000 "," 116,507 "," 2,015 "," 234,760,896 "," 72,000 "," 150,000 "
S12000020,Moray,2007," 122,500 "," 140,118 "," 2,086 "," 292,287,012 "," 87,000 "," 177,000 "
S12000020,Moray,2008," 125,000 "," 143,871 "," 1,607 "," 231,201,454 "," 92,625 "," 185,000 "
S12000020,Moray,2009," 126,621 "," 142,761 "," 1,324 "," 189,015,654 "," 90,000 "," 175,000 "
S12000020,Moray,2010," 123,000 "," 141,390 "," 1,425 "," 201,480,506 "," 90,000 "," 174,995 "
S12000020,Moray,2011," 120,000 "," 141,089 "," 1,165 "," 164,369,051 "," 89,000 "," 175,000 "
S12000020,Moray,2012," 125,000 "," 146,059 "," 1,361 "," 198,786,469 "," 90,000 "," 182,000 "
S12000020,Moray,2013," 129,000 "," 143,168 "," 1,427 "," 204,300,193 "," 90,000 "," 180,000 "
S12000020,Moray,2014," 132,500 "," 147,863 "," 1,777 "," 262,752,796 "," 93,500 "," 188,495 "
S12000020,Moray,2015," 137,998 "," 152,028 "," 1,682 "," 255,710,374 "," 96,000 "," 190,339 "
S12000020,Moray,2016," 140,000 "," 154,008 "," 1,753 "," 269,975,759 "," 99,950 "," 195,000 "
S12000020,Moray,2017," 144,000 "," 158,082 "," 1,750 "," 276,643,116 "," 101,000 "," 200,000 "
S12000020,Moray,2018," 152,525 "," 166,027 "," 1,658 "," 275,273,585 "," 105,000 "," 211,000 "
S12000020,Moray,2019," 155,000 "," 169,403 "," 1,665 "," 282,055,328 "," 110,000 "," 215,000 "
S12000020,Moray,2020," 163,950 "," 177,272 "," 1,423 "," 252,258,144 "," 115,000 "," 224,975 "
S12000020,Moray,2021," 161,045 "," 185,508 "," 1,948 "," 361,369,828 "," 115,083 "," 234,963 "
S12000020,Moray,2022," 180,000 "," 200,390 "," 1,799 "," 360,502,207 "," 125,000 "," 253,250 "
S12000020,Moray,2023," 187,000 "," 211,365 "," 1,672 "," 353,402,108 "," 132,875 "," 269,996 "
S12000020,Moray,2024," 190,000 "," 213,902 "," 1,599 "," 342,028,579 "," 130,000 "," 270,000 "
S12000021,North Ayrshire,2004," 60,000 "," 81,115 "," 3,729 "," 302,476,579 "," 36,397 "," 108,000 "
S12000021,North Ayrshire,2005," 73,000 "," 94,547 "," 3,877 "," 366,558,836 "," 47,000 "," 130,000 "
S12000021,North Ayrshire,2006," 83,000 "," 107,354 "," 4,119 "," 442,192,222 "," 58,250 "," 146,000 "
S12000021,North Ayrshire,2007," 96,000 "," 119,159 "," 4,590 "," 546,941,004 "," 70,000 "," 154,688 "
S12000021,North Ayrshire,2008," 98,000 "," 120,287 "," 2,485 "," 298,914,240 "," 70,000 "," 150,000 "
S12000021,North Ayrshire,2009," 90,000 "," 111,856 "," 1,577 "," 176,397,687 "," 65,000 "," 143,000 "
S12000021,North Ayrshire,2010," 95,000 "," 117,333 "," 1,744 "," 204,629,424 "," 65,000 "," 154,000 "
S12000021,North Ayrshire,2011," 91,500 "," 115,345 "," 1,622 "," 187,089,475 "," 63,000 "," 150,000 "
S12000021,North Ayrshire,2012," 86,000 "," 106,988 "," 1,803 "," 192,899,054 "," 57,126 "," 144,998 "
S12000021,North Ayrshire,2013," 85,000 "," 106,067 "," 1,867 "," 198,026,349 "," 55,000 "," 141,998 "
S12000021,North Ayrshire,2014," 94,000 "," 115,712 "," 1,965 "," 227,373,367 "," 60,000 "," 153,000 "
S12000021,North Ayrshire,2015," 97,000 "," 120,588 "," 2,073 "," 249,979,364 "," 61,000 "," 158,500 "
S12000021,North Ayrshire,2016," 90,000 "," 113,894 "," 2,296 "," 261,500,195 "," 57,500 "," 151,000 "
S12000021,North Ayrshire,2017," 92,000 "," 118,727 "," 2,406 "," 285,656,732 "," 60,000 "," 160,000 "
S12000021,North Ayrshire,2018," 95,000 "," 119,828 "," 2,471 "," 296,095,888 "," 64,000 "," 161,000 "
S12000021,North Ayrshire,2019," 100,000 "," 126,445 "," 2,521 "," 318,768,869 "," 65,000 "," 171,000 "
S12000021,North Ayrshire,2020," 108,500 "," 133,657 "," 2,223 "," 297,119,432 "," 67,000 "," 182,000 "
S12000021,North Ayrshire,2021," 110,000 "," 140,330 "," 2,825 "," 396,432,379 "," 70,000 "," 189,995 "
S12000021,North Ayrshire,2022," 120,000 "," 151,534 "," 2,498 "," 378,532,220 "," 77,000 "," 200,000 "
S12000021,North Ayrshire,2023," 121,498 "," 151,049 "," 2,462 "," 371,881,770 "," 77,000 "," 205,750 "
S12000021,North Ayrshire,2024," 130,013 "," 158,202 "," 2,505 "," 396,295,417 "," 80,600 "," 220,000 "
S12000023,Orkney Islands,2004," 63,375 "," 75,340 ", 364 ," 27,423,785 "," 35,875 "," 98,725 "
S12000023,Orkney Islands,2005," 86,000 "," 95,520 ", 347 ," 33,145,329 "," 65,000 "," 120,000 "
S12000023,Orkney Islands,2006," 92,150 "," 103,272 ", 365 ," 37,694,099 "," 68,350 "," 135,000 "
S12000023,Orkney Islands,2007," 100,000 "," 111,629 ", 400 ," 44,651,401 "," 66,539 "," 143,250 "
S12000023,Orkney Islands,2008," 106,500 "," 114,236 ", 350 ," 39,982,645 "," 72,000 "," 147,805 "
S12000023,Orkney Islands,2009," 110,000 "," 115,719 ", 278 ," 32,169,869 "," 72,000 "," 156,543 "
S12000023,Orkney Islands,2010," 105,000 "," 112,017 ", 296 ," 33,156,978 "," 66,950 "," 145,000 "
S12000023,Orkney Islands,2011," 110,000 "," 123,594 ", 269 ," 33,246,694 "," 82,500 "," 165,000 "
S12000023,Orkney Islands,2012," 120,000 "," 134,821 ", 268 ," 36,132,031 "," 86,889 "," 172,375 "
S12000023,Orkney Islands,2013," 120,000 "," 125,537 ", 305 ," 38,288,928 "," 84,000 "," 160,000 "
S12000023,Orkney Islands,2014," 115,000 "," 124,872 ", 346 ," 43,205,603 "," 80,000 "," 156,750 "
S12000023,Orkney Islands,2015," 121,500 "," 130,990 ", 337 ," 44,143,765 "," 80,000 "," 172,500 "
S12000023,Orkney Islands,2016," 125,000 "," 136,482 ", 420 ," 57,322,488 "," 89,375 "," 175,000 "
S12000023,Orkney Islands,2017," 142,750 "," 147,717 ", 417 ," 61,598,055 "," 97,500 "," 185,000 "
S12000023,Orkney Islands,2018," 147,000 "," 153,860 ", 395 ," 60,774,534 "," 107,712 "," 187,331 "
S12000023,Orkney Islands,2019," 150,000 "," 157,740 ", 394 ," 62,149,617 "," 110,000 "," 202,250 "
S12000023,Orkney Islands,2020," 152,500 "," 167,417 ", 335 ," 56,084,745 "," 120,000 "," 215,005 "
S12000023,Orkney Islands,2021," 171,533 "," 186,821 ", 400 ," 74,728,465 "," 126,625 "," 235,133 "
S12000023,Orkney Islands,2022," 195,750 "," 213,068 ", 314 ," 66,903,370 "," 145,000 "," 273,688 "
S12000023,Orkney Islands,2023," 185,000 "," 206,744 ", 339 ," 70,086,361 "," 149,000 "," 260,000 "
S12000023,Orkney Islands,2024," 191,250 "," 208,621 ", 374 ," 78,024,198 "," 150,000 "," 255,000 "
S12000026,Scottish Borders,2004," 88,800 "," 119,475 "," 2,603 "," 310,993,215 "," 44,825 "," 166,612 "
S12000026,Scottish Borders,2005," 99,000 "," 130,633 "," 2,633 "," 343,957,289 "," 58,000 "," 175,000 "
S12000026,Scottish Borders,2006," 123,507 "," 147,926 "," 3,012 "," 445,553,301 "," 77,000 "," 190,000 "
S12000026,Scottish Borders,2007," 139,995 "," 166,017 "," 3,037 "," 504,192,250 "," 90,000 "," 210,000 "
S12000026,Scottish Borders,2008," 137,319 "," 170,971 "," 2,072 "," 354,251,226 "," 89,688 "," 217,996 "
S12000026,Scottish Borders,2009," 138,750 "," 164,381 "," 1,412 "," 232,106,473 "," 92,000 "," 205,938 "
S12000026,Scottish Borders,2010," 145,000 "," 172,496 "," 1,522 "," 262,538,888 "," 90,000 "," 222,300 "
S12000026,Scottish Borders,2011," 147,125 "," 174,622 "," 1,318 "," 230,151,383 "," 94,266 "," 218,996 "
S12000026,Scottish Borders,2012," 137,950 "," 164,991 "," 1,313 "," 216,633,418 "," 86,000 "," 210,000 "
S12000026,Scottish Borders,2013," 136,000 "," 163,363 "," 1,625 "," 265,465,011 "," 86,500 "," 207,500 "
S12000026,Scottish Borders,2014," 143,000 "," 169,725 "," 1,765 "," 299,564,152 "," 86,000 "," 220,000 "
S12000026,Scottish Borders,2015," 145,000 "," 173,387 "," 1,863 "," 323,019,918 "," 90,500 "," 220,000 "
S12000026,Scottish Borders,2016," 147,500 "," 173,963 "," 1,994 "," 346,881,655 "," 90,000 "," 230,000 "
S12000026,Scottish Borders,2017," 147,000 "," 180,832 "," 2,208 "," 399,276,462 "," 90,750 "," 235,000 "
S12000026,Scottish Borders,2018," 153,500 "," 181,382 "," 2,235 "," 405,388,395 "," 94,000 "," 240,000 "
S12000026,Scottish Borders,2019," 143,288 "," 174,084 "," 2,036 "," 354,435,919 "," 90,000 "," 230,000 "
S12000026,Scottish Borders,2020," 160,000 "," 195,165 "," 1,919 "," 374,520,678 "," 97,000 "," 260,000 "
S12000026,Scottish Borders,2021," 165,000 "," 208,719 "," 2,502 "," 522,216,044 "," 102,000 "," 275,000 "
S12000026,Scottish Borders,2022," 171,400 "," 221,933 "," 2,126 "," 471,828,721 "," 110,000 "," 297,750 "
S12000026,Scottish Borders,2023," 170,000 "," 220,585 "," 1,811 "," 399,479,981 "," 110,000 "," 288,500 "
S12000026,Scottish Borders,2024," 179,100 "," 225,616 "," 1,930 "," 435,439,347 "," 110,500 "," 300,000 "
S12000027,Shetland Islands,2004," 60,000 "," 68,405 ", 313 ," 21,410,782 "," 33,600 "," 90,170 "
S12000027,Shetland Islands,2005," 70,000 "," 75,566 ", 280 ," 21,158,520 "," 46,800 "," 95,700 "
S12000027,Shetland Islands,2006," 77,076 "," 85,140 ", 370 ," 31,501,874 "," 49,067 "," 111,083 "
S12000027,Shetland Islands,2007," 96,000 "," 106,256 ", 373 ," 39,633,533 "," 59,000 "," 138,000 "
S12000027,Shetland Islands,2008," 100,111 "," 112,277 ", 341 ," 38,286,581 "," 63,840 "," 157,000 "
S12000027,Shetland Islands,2009," 95,000 "," 104,909 ", 263 ," 27,590,985 "," 67,750 "," 137,500 "
S12000027,Shetland Islands,2010," 107,000 "," 114,104 ", 227 ," 25,901,654 "," 74,329 "," 150,000 "
S12000027,Shetland Islands,2011," 115,025 "," 120,424 ", 302 ," 36,368,132 "," 72,619 "," 158,650 "
S12000027,Shetland Islands,2012," 116,000 "," 119,510 ", 287 ," 34,299,494 "," 80,000 "," 157,500 "
S12000027,Shetland Islands,2013," 120,500 "," 127,433 ", 310 ," 39,504,095 "," 80,000 "," 165,275 "
S12000027,Shetland Islands,2014," 125,000 "," 134,390 ", 329 ," 44,214,150 "," 80,000 "," 175,000 "
S12000027,Shetland Islands,2015," 135,000 "," 141,859 ", 306 ," 43,408,713 "," 91,070 "," 183,300 "
S12000027,Shetland Islands,2016," 149,394 "," 151,069 ", 308 ," 46,529,269 "," 109,050 "," 195,000 "
S12000027,Shetland Islands,2017," 150,666 "," 157,463 ", 321 ," 50,545,688 "," 105,000 "," 200,000 "
S12000027,Shetland Islands,2018," 155,000 "," 164,118 ", 288 ," 47,265,958 "," 120,000 "," 198,000 "
S12000027,Shetland Islands,2019," 154,250 "," 159,805 ", 302 ," 48,261,144 "," 100,000 "," 207,500 "
S12000027,Shetland Islands,2020," 150,000 "," 159,833 ", 254 ," 40,597,560 "," 114,919 "," 200,000 "
S12000027,Shetland Islands,2021," 165,000 "," 175,244 ", 301 ," 52,748,520 "," 125,000 "," 225,000 "
S12000027,Shetland Islands,2022," 177,500 "," 194,012 ", 275 ," 53,353,265 "," 135,000 "," 234,138 "
S12000027,Shetland Islands,2023," 181,600 "," 192,763 ", 232 ," 44,721,091 "," 135,083 "," 240,000 "
S12000027,Shetland Islands,2024," 185,000 "," 203,760 ", 271 ," 55,218,842 "," 145,503 "," 255,000 "
S12000028,South Ayrshire,2004," 85,000 "," 105,033 "," 3,106 "," 326,231,151 "," 50,316 "," 140,000 "
S12000028,South Ayrshire,2005," 100,000 "," 123,842 "," 3,140 "," 388,863,843 "," 63,229 "," 155,000 "
S12000028,South Ayrshire,2006," 120,000 "," 148,446 "," 3,011 "," 446,971,668 "," 77,108 "," 185,000 "
S12000028,South Ayrshire,2007," 132,995 "," 158,064 "," 3,579 "," 565,710,141 "," 88,000 "," 195,313 "
S12000028,South Ayrshire,2008," 125,000 "," 152,738 "," 2,120 "," 323,805,613 "," 85,000 "," 186,250 "
S12000028,South Ayrshire,2009," 126,000 "," 151,362 "," 1,598 "," 241,875,931 "," 85,625 "," 182,375 "
S12000028,South Ayrshire,2010," 125,000 "," 155,894 "," 1,685 "," 262,681,675 "," 85,000 "," 192,000 "
S12000028,South Ayrshire,2011," 125,000 "," 152,326 "," 1,602 "," 244,026,932 "," 82,500 "," 185,000 "
S12000028,South Ayrshire,2012," 120,000 "," 143,348 "," 1,615 "," 231,506,381 "," 76,500 "," 178,000 "
S12000028,South Ayrshire,2013," 125,000 "," 149,526 "," 1,769 "," 264,510,966 "," 80,000 "," 188,000 "
S12000028,South Ayrshire,2014," 125,000 "," 145,725 "," 2,032 "," 296,113,111 "," 77,000 "," 187,500 "
S12000028,South Ayrshire,2015," 132,000 "," 154,951 "," 2,032 "," 314,859,821 "," 81,000 "," 196,025 "
S12000028,South Ayrshire,2016," 130,000 "," 154,464 "," 2,255 "," 348,315,891 "," 80,000 "," 200,000 "
S12000028,South Ayrshire,2017," 131,050 "," 154,886 "," 2,338 "," 362,122,442 "," 80,000 "," 200,000 "
S12000028,South Ayrshire,2018," 135,000 "," 163,755 "," 2,252 "," 368,777,375 "," 88,000 "," 215,000 "
S12000028,South Ayrshire,2019," 130,000 "," 153,958 "," 2,285 "," 351,793,797 "," 82,000 "," 202,179 "
S12000028,South Ayrshire,2020," 147,500 "," 179,809 "," 1,924 "," 345,951,608 "," 88,213 "," 244,258 "
S12000028,South Ayrshire,2021," 155,000 "," 188,672 "," 2,452 "," 462,624,035 "," 95,000 "," 250,000 "
S12000028,South Ayrshire,2022," 165,000 "," 198,374 "," 2,267 "," 449,713,813 "," 97,875 "," 261,500 "
S12000028,South Ayrshire,2023," 165,000 "," 202,300 "," 2,274 "," 460,029,847 "," 97,500 "," 270,253 "
S12000028,South Ayrshire,2024," 175,000 "," 196,599 "," 2,332 "," 458,468,077 "," 105,000 "," 262,000 "
S12000029,South Lanarkshire,2004," 78,226 "," 97,307 "," 8,614 "," 838,202,032 "," 45,000 "," 132,500 "
S12000029,South Lanarkshire,2005," 89,000 "," 110,027 "," 8,639 "," 950,526,677 "," 57,137 "," 145,000 "
S12000029,South Lanarkshire,2006," 103,000 "," 123,589 "," 9,605 "," 1,187,075,092 "," 70,000 "," 158,000 "
S12000029,South Lanarkshire,2007," 112,500 "," 132,199 "," 9,698 "," 1,282,069,157 "," 77,000 "," 163,000 "
S12000029,South Lanarkshire,2008," 116,000 "," 141,683 "," 6,078 "," 861,151,692 "," 80,000 "," 175,000 "
S12000029,South Lanarkshire,2009," 106,000 "," 132,108 "," 3,828 "," 505,710,541 "," 74,000 "," 164,996 "
S12000029,South Lanarkshire,2010," 110,750 "," 134,288 "," 4,310 "," 578,780,050 "," 74,066 "," 170,000 "
S12000029,South Lanarkshire,2011," 110,000 "," 135,508 "," 4,160 "," 563,713,329 "," 74,000 "," 170,000 "
S12000029,South Lanarkshire,2012," 107,000 "," 129,601 "," 4,293 "," 556,375,434 "," 69,995 "," 166,995 "
S12000029,South Lanarkshire,2013," 105,000 "," 124,342 "," 4,601 "," 572,095,345 "," 67,500 "," 160,500 "
S12000029,South Lanarkshire,2014," 107,525 "," 128,340 "," 5,533 "," 710,106,892 "," 67,000 "," 165,500 "
S12000029,South Lanarkshire,2015," 115,000 "," 137,808 "," 5,753 "," 792,810,822 "," 72,500 "," 178,000 "
S12000029,South Lanarkshire,2016," 115,000 "," 140,992 "," 6,111 "," 861,599,096 "," 74,000 "," 181,000 "
S12000029,South Lanarkshire,2017," 123,500 "," 150,780 "," 6,525 "," 983,837,012 "," 77,000 "," 199,995 "
S12000029,South Lanarkshire,2018," 130,501 "," 153,522 "," 6,890 "," 1,057,767,141 "," 82,906 "," 198,950 "
S12000029,South Lanarkshire,2019," 135,000 "," 160,163 "," 7,173 "," 1,148,847,585 "," 85,000 "," 210,000 "
S12000029,South Lanarkshire,2020," 140,000 "," 164,437 "," 5,778 "," 950,117,943 "," 88,000 "," 215,999 "
S12000029,South Lanarkshire,2021," 147,998 "," 176,154 "," 7,612 "," 1,340,881,915 "," 92,500 "," 230,000 "
S12000029,South Lanarkshire,2022," 160,000 "," 191,158 "," 6,875 "," 1,314,209,511 "," 100,000 "," 253,367 "
S12000029,South Lanarkshire,2023," 165,000 "," 195,807 "," 6,235 "," 1,220,858,952 "," 105,000 "," 259,338 "
S12000029,South Lanarkshire,2024," 170,000 "," 200,858 "," 6,586 "," 1,322,851,128 "," 110,000 "," 265,000 "
S12000030,Stirling,2004," 105,000 "," 137,962 "," 2,274 "," 313,726,567 "," 67,013 "," 182,875 "
S12000030,Stirling,2005," 115,000 "," 147,857 "," 2,292 "," 338,887,439 "," 77,000 "," 185,000 "
S12000030,Stirling,2006," 124,500 "," 160,631 "," 2,300 "," 369,451,050 "," 85,000 "," 200,000 "
S12000030,Stirling,2007," 140,000 "," 178,087 "," 2,275 "," 405,148,425 "," 96,000 "," 230,000 "
S12000030,Stirling,2008," 150,000 "," 187,111 "," 1,560 "," 291,893,682 "," 102,000 "," 225,000 "
S12000030,Stirling,2009," 144,000 "," 183,123 "," 1,132 "," 207,295,785 "," 99,999 "," 215,000 "
S12000030,Stirling,2010," 141,763 "," 180,852 "," 1,322 "," 239,086,333 "," 100,000 "," 225,000 "
S12000030,Stirling,2011," 150,000 "," 183,015 "," 1,225 "," 224,193,361 "," 98,000 "," 240,000 "
S12000030,Stirling,2012," 150,000 "," 185,494 "," 1,249 "," 231,681,907 "," 98,500 "," 235,000 "
S12000030,Stirling,2013," 140,000 "," 176,706 "," 1,434 "," 253,396,833 "," 92,000 "," 222,750 "
S12000030,Stirling,2014," 148,199 "," 184,524 "," 1,583 "," 292,102,049 "," 95,000 "," 235,200 "
S12000030,Stirling,2015," 148,000 "," 189,488 "," 1,720 "," 325,918,788 "," 98,888 "," 240,312 "
S12000030,Stirling,2016," 150,000 "," 189,722 "," 1,741 "," 330,306,256 "," 100,000 "," 235,333 "
S12000030,Stirling,2017," 157,000 "," 197,250 "," 1,779 "," 350,906,910 "," 102,950 "," 250,000 "
S12000030,Stirling,2018," 162,000 "," 203,866 "," 1,737 "," 354,114,872 "," 110,000 "," 267,500 "
S12000030,Stirling,2019," 169,000 "," 207,489 "," 1,659 "," 344,224,615 "," 110,080 "," 265,000 "
S12000030,Stirling,2020," 190,000 "," 233,259 "," 1,370 "," 319,565,493 "," 125,000 "," 305,000 "
S12000030,Stirling,2021," 187,000 "," 242,212 "," 1,875 "," 454,147,059 "," 127,000 "," 300,000 "
S12000030,Stirling,2022," 197,995 "," 253,711 "," 1,758 "," 446,023,887 "," 140,000 "," 310,119 "
S12000030,Stirling,2023," 205,000 "," 261,613 "," 1,648 "," 431,138,825 "," 140,000 "," 324,995 "
S12000030,Stirling,2024," 215,000 "," 266,513 "," 1,583 "," 421,889,410 "," 148,234 "," 339,000 "
S12000033,Aberdeen City,2004," 75,000 "," 97,703 "," 7,123 "," 695,941,488 "," 48,500 "," 121,576 "
S12000033,Aberdeen City,2005," 88,000 "," 113,261 "," 7,331 "," 830,318,961 "," 58,000 "," 141,995 "
S12000033,Aberdeen City,2006," 110,000 "," 133,873 "," 7,679 "," 1,028,012,323 "," 75,000 "," 163,298 "
S12000033,Aberdeen City,2007," 140,000 "," 173,502 "," 7,451 "," 1,292,765,106 "," 102,150 "," 210,000 "
S12000033,Aberdeen City,2008," 145,000 "," 176,725 "," 5,380 "," 950,782,556 "," 107,500 "," 215,000 "
S12000033,Aberdeen City,2009," 146,000 "," 171,575 "," 4,128 "," 708,259,763 "," 105,000 "," 207,000 "
S12000033,Aberdeen City,2010," 148,000 "," 183,477 "," 4,499 "," 825,462,406 "," 110,000 "," 222,500 "
S12000033,Aberdeen City,2011," 155,000 "," 190,151 "," 4,339 "," 825,064,357 "," 114,000 "," 226,000 "
S12000033,Aberdeen City,2012," 155,690 "," 192,147 "," 4,632 "," 890,025,977 "," 112,500 "," 225,000 "
S12000033,Aberdeen City,2013," 167,500 "," 202,098 "," 5,533 "," 1,118,207,526 "," 117,055 "," 249,450 "
S12000033,Aberdeen City,2014," 180,000 "," 218,805 "," 5,306 "," 1,160,979,859 "," 125,000 "," 260,000 "
S12000033,Aberdeen City,2015," 185,000 "," 223,986 "," 4,916 "," 1,101,113,263 "," 135,000 "," 269,275 "
S12000033,Aberdeen City,2016," 172,500 "," 204,605 "," 3,942 "," 806,553,671 "," 126,625 "," 249,984 "
S12000033,Aberdeen City,2017," 167,000 "," 201,911 "," 3,997 "," 807,038,021 "," 123,000 "," 250,000 "
S12000033,Aberdeen City,2018," 165,000 "," 199,025 "," 3,889 "," 774,006,664 "," 120,000 "," 242,500 "
S12000033,Aberdeen City,2019," 160,000 "," 196,819 "," 3,964 "," 780,192,009 "," 110,000 "," 251,963 "
S12000033,Aberdeen City,2020," 157,375 "," 187,936 "," 3,176 "," 596,885,431 "," 107,500 "," 239,995 "
S12000033,Aberdeen City,2021," 160,763 "," 195,297 "," 4,786 "," 934,690,132 "," 105,000 "," 249,999 "
S12000033,Aberdeen City,2022," 150,000 "," 187,857 "," 4,719 "," 886,494,889 "," 96,129 "," 244,995 "
S12000033,Aberdeen City,2023," 140,000 "," 178,726 "," 4,132 "," 738,493,925 "," 85,000 "," 234,996 "
S12000033,Aberdeen City,2024," 146,000 "," 180,977 "," 4,458 "," 806,796,207 "," 90,000 "," 237,000 "
S12000034,Aberdeenshire,2004," 95,000 "," 110,063 "," 5,871 "," 646,182,127 "," 55,000 "," 150,000 "
S12000034,Aberdeenshire,2005," 115,021 "," 126,495 "," 6,142 "," 776,930,789 "," 68,000 "," 168,960 "
S12000034,Aberdeenshire,2006," 134,000 "," 148,178 "," 5,993 "," 888,028,843 "," 81,192 "," 190,995 "
S12000034,Aberdeenshire,2007," 173,000 "," 184,402 "," 6,301 "," 1,161,914,001 "," 109,400 "," 240,000 "
S12000034,Aberdeenshire,2008," 180,000 "," 194,317 "," 4,896 "," 951,377,657 "," 115,239 "," 250,000 "
S12000034,Aberdeenshire,2009," 175,000 "," 192,394 "," 4,109 "," 790,548,755 "," 119,999 "," 240,000 "
S12000034,Aberdeenshire,2010," 185,000 "," 202,694 "," 4,356 "," 882,936,956 "," 124,500 "," 250,000 "
S12000034,Aberdeenshire,2011," 190,000 "," 207,816 "," 4,178 "," 868,253,691 "," 125,000 "," 250,000 "
S12000034,Aberdeenshire,2012," 185,995 "," 206,742 "," 4,317 "," 892,504,287 "," 125,000 "," 250,000 "
S12000034,Aberdeenshire,2013," 200,000 "," 216,789 "," 5,195 "," 1,126,220,264 "," 134,600 "," 272,000 "
S12000034,Aberdeenshire,2014," 210,000 "," 227,012 "," 5,803 "," 1,317,350,589 "," 140,000 "," 289,995 "
S12000034,Aberdeenshire,2015," 217,750 "," 234,327 "," 5,051 "," 1,183,588,092 "," 144,000 "," 297,500 "
S12000034,Aberdeenshire,2016," 194,209 "," 212,269 "," 4,081 "," 866,268,726 "," 130,000 "," 270,000 "
S12000034,Aberdeenshire,2017," 195,000 "," 210,475 "," 4,214 "," 886,939,941 "," 133,000 "," 266,875 "
S12000034,Aberdeenshire,2018," 198,000 "," 215,327 "," 4,004 "," 862,168,833 "," 135,000 "," 270,000 "
S12000034,Aberdeenshire,2019," 194,995 "," 211,398 "," 4,102 "," 867,156,111 "," 135,109 "," 265,000 "
S12000034,Aberdeenshire,2020," 195,000 "," 213,159 "," 3,563 "," 759,486,860 "," 135,000 "," 270,000 "
S12000034,Aberdeenshire,2021," 200,000 "," 223,639 "," 5,646 "," 1,262,664,240 "," 140,000 "," 284,995 "
S12000034,Aberdeenshire,2022," 215,000 "," 232,000 "," 4,693 "," 1,088,776,454 "," 142,000 "," 297,000 "
S12000034,Aberdeenshire,2023," 210,161 "," 231,956 "," 3,765 "," 873,314,355 "," 139,995 "," 300,000 "
S12000034,Aberdeenshire,2024," 212,000 "," 231,599 "," 3,929 "," 909,953,958 "," 143,000 "," 298,000 "
S12000035,Argyll and Bute,2004," 75,000 "," 103,334 "," 2,507 "," 259,057,271 "," 40,000 "," 140,500 "
S12000035,Argyll and Bute,2005," 96,057 "," 123,885 "," 2,213 "," 274,158,125 "," 59,500 "," 170,000 "
S12000035,Argyll and Bute,2006," 110,000 "," 132,127 "," 2,469 "," 326,221,162 "," 70,000 "," 170,000 "
S12000035,Argyll and Bute,2007," 126,000 "," 158,279 "," 2,261 "," 357,867,892 "," 82,000 "," 205,000 "
S12000035,Argyll and Bute,2008," 125,000 "," 149,957 "," 1,718 "," 257,625,451 "," 77,000 "," 187,500 "
S12000035,Argyll and Bute,2009," 125,000 "," 150,238 "," 1,215 "," 182,539,762 "," 80,000 "," 197,500 "
S12000035,Argyll and Bute,2010," 125,000 "," 157,335 "," 1,316 "," 207,052,725 "," 80,000 "," 201,500 "
S12000035,Argyll and Bute,2011," 122,500 "," 154,371 "," 1,343 "," 207,320,671 "," 77,000 "," 196,500 "
S12000035,Argyll and Bute,2012," 122,500 "," 149,991 "," 1,313 "," 196,938,531 "," 78,000 "," 189,000 "
S12000035,Argyll and Bute,2013," 121,000 "," 151,281 "," 1,363 "," 206,196,673 "," 75,500 "," 195,000 "
S12000035,Argyll and Bute,2014," 124,995 "," 147,716 "," 1,598 "," 236,049,553 "," 76,500 "," 195,000 "
S12000035,Argyll and Bute,2015," 125,000 "," 152,943 "," 1,566 "," 239,508,446 "," 80,000 "," 198,875 "
S12000035,Argyll and Bute,2016," 125,000 "," 153,246 "," 1,729 "," 264,961,840 "," 75,000 "," 203,500 "
S12000035,Argyll and Bute,2017," 125,000 "," 150,710 "," 1,893 "," 285,293,800 "," 77,250 "," 203,000 "
S12000035,Argyll and Bute,2018," 140,000 "," 164,098 "," 1,801 "," 295,540,889 "," 82,500 "," 217,000 "
S12000035,Argyll and Bute,2019," 145,000 "," 173,588 "," 1,923 "," 333,809,700 "," 86,200 "," 233,500 "
S12000035,Argyll and Bute,2020," 150,000 "," 174,839 "," 1,573 "," 275,021,451 "," 86,500 "," 240,000 "
S12000035,Argyll and Bute,2021," 160,000 "," 192,400 "," 2,265 "," 435,785,052 "," 95,000 "," 257,500 "
S12000035,Argyll and Bute,2022," 176,000 "," 215,421 "," 1,863 "," 401,329,121 "," 110,000 "," 280,998 "
S12000035,Argyll and Bute,2023," 179,500 "," 219,869 "," 1,664 "," 365,862,140 "," 110,000 "," 303,262 "
S12000035,Argyll and Bute,2024," 175,000 "," 217,721 "," 1,744 "," 379,706,002 "," 105,000 "," 285,250 "
S12000036,City of Edinburgh,2004," 138,000 "," 165,252 "," 15,317 "," 2,531,158,391 "," 93,897 "," 198,000 "
S12000036,City of Edinburgh,2005," 145,000 "," 178,604 "," 14,945 "," 2,669,242,680 "," 100,000 "," 210,000 "
S12000036,City of Edinburgh,2006," 160,000 "," 197,309 "," 16,770 "," 3,308,864,697 "," 116,000 "," 232,165 "
S12000036,City of Edinburgh,2007," 175,000 "," 221,432 "," 16,404 "," 3,632,364,057 "," 130,000 "," 249,999 "
S12000036,City of Edinburgh,2008," 172,000 "," 225,428 "," 10,410 "," 2,346,707,531 "," 129,000 "," 250,000 "
S12000036,City of Edinburgh,2009," 163,680 "," 209,759 "," 7,341 "," 1,539,840,817 "," 124,500 "," 245,000 "
S12000036,City of Edinburgh,2010," 175,000 "," 228,891 "," 7,858 "," 1,798,625,453 "," 125,000 "," 270,000 "
S12000036,City of Edinburgh,2011," 175,563 "," 227,363 "," 7,488 "," 1,702,494,453 "," 125,000 "," 268,000 "
S12000036,City of Edinburgh,2012," 175,000 "," 224,893 "," 7,977 "," 1,793,970,951 "," 123,500 "," 265,888 "
S12000036,City of Edinburgh,2013," 175,000 "," 222,891 "," 9,798 "," 2,183,883,447 "," 120,000 "," 265,000 "
S12000036,City of Edinburgh,2014," 179,950 "," 233,276 "," 11,110 "," 2,591,699,699 "," 125,000 "," 282,239 "
S12000036,City of Edinburgh,2015," 195,000 "," 246,421 "," 11,977 "," 2,951,385,437 "," 134,950 "," 300,000 "
S12000036,City of Edinburgh,2016," 190,000 "," 243,175 "," 12,256 "," 2,980,351,097 "," 136,000 "," 290,996 "
S12000036,City of Edinburgh,2017," 210,000 "," 258,316 "," 12,435 "," 3,212,160,834 "," 147,000 "," 310,000 "
S12000036,City of Edinburgh,2018," 221,000 "," 278,589 "," 11,366 "," 3,166,438,957 "," 157,500 "," 330,000 "
S12000036,City of Edinburgh,2019," 226,995 "," 286,125 "," 11,468 "," 3,281,283,540 "," 165,000 "," 330,000 "
S12000036,City of Edinburgh,2020," 240,000 "," 301,897 "," 8,585 "," 2,591,786,225 "," 175,000 "," 352,500 "
S12000036,City of Edinburgh,2021," 250,000 "," 313,632 "," 13,100 "," 4,108,574,992 "," 182,500 "," 365,213 "
S12000036,City of Edinburgh,2022," 270,000 "," 338,094 "," 11,402 "," 3,854,950,488 "," 195,220 "," 390,000 "
S12000036,City of Edinburgh,2023," 269,995 "," 333,902 "," 10,034 "," 3,350,368,677 "," 195,000 "," 390,000 "
S12000036,City of Edinburgh,2024," 272,000 "," 337,101 "," 11,337 "," 3,821,709,718 "," 197,500 "," 390,000 "
S12000038,Renfrewshire,2004," 69,000 "," 87,935 "," 4,620 "," 406,260,111 "," 40,000 "," 115,000 "
S12000038,Renfrewshire,2005," 80,000 "," 99,044 "," 4,761 "," 471,547,177 "," 52,000 "," 127,000 "
S12000038,Renfrewshire,2006," 92,000 "," 111,958 "," 5,200 "," 582,180,375 "," 62,701 "," 140,000 "
S12000038,Renfrewshire,2007," 105,995 "," 125,146 "," 5,491 "," 687,175,773 "," 73,000 "," 155,000 "
S12000038,Renfrewshire,2008," 108,000 "," 129,121 "," 3,538 "," 456,831,731 "," 74,000 "," 158,995 "
S12000038,Renfrewshire,2009," 103,500 "," 120,313 "," 2,211 "," 266,011,923 "," 71,625 "," 150,000 "
S12000038,Renfrewshire,2010," 100,000 "," 123,870 "," 2,168 "," 268,549,289 "," 68,000 "," 158,125 "
S12000038,Renfrewshire,2011," 96,775 "," 119,102 "," 1,971 "," 234,749,635 "," 68,000 "," 145,625 "
S12000038,Renfrewshire,2012," 92,100 "," 111,936 "," 2,083 "," 233,162,466 "," 63,000 "," 140,000 "
S12000038,Renfrewshire,2013," 97,000 "," 115,916 "," 2,587 "," 299,875,934 "," 61,000 "," 151,250 "
S12000038,Renfrewshire,2014," 107,500 "," 128,456 "," 2,991 "," 384,210,533 "," 66,000 "," 168,000 "
S12000038,Renfrewshire,2015," 115,000 "," 132,579 "," 3,183 "," 421,997,578 "," 68,000 "," 175,000 "
S12000038,Renfrewshire,2016," 115,000 "," 134,602 "," 3,730 "," 502,066,549 "," 68,000 "," 177,875 "
S12000038,Renfrewshire,2017," 120,000 "," 138,414 "," 3,821 "," 528,878,769 "," 70,125 "," 185,000 "
S12000038,Renfrewshire,2018," 124,000 "," 144,009 "," 3,925 "," 565,234,338 "," 75,000 "," 190,000 "
S12000038,Renfrewshire,2019," 126,000 "," 147,561 "," 3,853 "," 568,553,798 "," 75,000 "," 196,000 "
S12000038,Renfrewshire,2020," 130,000 "," 154,591 "," 3,248 "," 502,111,008 "," 79,000 "," 208,250 "
S12000038,Renfrewshire,2021," 135,000 "," 162,210 "," 4,509 "," 731,403,734 "," 82,500 "," 220,850 "
S12000038,Renfrewshire,2022," 145,000 "," 176,557 "," 3,957 "," 698,634,668 "," 88,000 "," 240,000 "
S12000038,Renfrewshire,2023," 145,000 "," 182,136 "," 3,633 "," 661,701,021 "," 88,110 "," 245,000 "
S12000038,Renfrewshire,2024," 150,425 "," 185,438 "," 3,756 "," 696,503,451 "," 95,000 "," 247,500 "
S12000039,West Dunbartonshire,2004," 65,000 "," 76,462 "," 2,194 "," 167,756,718 "," 38,000 "," 98,811 "
S12000039,West Dunbartonshire,2005," 78,000 "," 88,677 "," 2,351 "," 208,479,944 "," 50,500 "," 115,000 "
S12000039,West Dunbartonshire,2006," 84,505 "," 95,176 "," 2,136 "," 203,296,022 "," 58,000 "," 120,000 "
S12000039,West Dunbartonshire,2007," 91,000 "," 105,965 "," 2,311 "," 244,884,641 "," 66,000 "," 130,000 "
S12000039,West Dunbartonshire,2008," 97,995 "," 115,450 "," 1,579 "," 182,295,920 "," 72,000 "," 141,250 "
S12000039,West Dunbartonshire,2009," 86,500 "," 104,532 ", 831 ," 86,865,837 "," 65,000 "," 127,000 "
S12000039,West Dunbartonshire,2010," 90,998 "," 107,073 ", 960 ," 102,790,193 "," 65,000 "," 130,000 "
S12000039,West Dunbartonshire,2011," 92,250 "," 113,680 ", 946 ," 107,541,701 "," 65,000 "," 140,000 "
S12000039,West Dunbartonshire,2012," 93,000 "," 114,948 ", 940 ," 108,051,037 "," 65,000 "," 152,624 "
S12000039,West Dunbartonshire,2013," 90,000 "," 110,274 "," 1,119 "," 123,396,818 "," 62,000 "," 145,000 "
S12000039,West Dunbartonshire,2014," 93,000 "," 113,952 "," 1,256 "," 143,123,779 "," 63,000 "," 146,995 "
S12000039,West Dunbartonshire,2015," 99,000 "," 116,180 "," 1,382 "," 160,560,802 "," 65,000 "," 154,000 "
S12000039,West Dunbartonshire,2016," 88,200 "," 107,968 "," 1,313 "," 141,762,621 "," 62,500 "," 145,000 "
S12000039,West Dunbartonshire,2017," 90,625 "," 113,353 "," 1,410 "," 159,827,650 "," 65,000 "," 149,759 "
S12000039,West Dunbartonshire,2018," 98,000 "," 120,503 "," 1,415 "," 170,511,089 "," 70,000 "," 155,750 "
S12000039,West Dunbartonshire,2019," 102,250 "," 124,990 "," 1,492 "," 186,484,423 "," 71,000 "," 165,082 "
S12000039,West Dunbartonshire,2020," 106,130 "," 127,728 "," 1,265 "," 161,575,618 "," 73,500 "," 172,000 "
S12000039,West Dunbartonshire,2021," 106,000 "," 132,873 "," 1,508 "," 200,372,519 "," 75,000 "," 166,756 "
S12000039,West Dunbartonshire,2022," 117,000 "," 140,184 "," 1,314 "," 184,201,592 "," 80,500 "," 177,169 "
S12000039,West Dunbartonshire,2023," 120,000 "," 148,128 "," 1,277 "," 189,159,930 "," 80,000 "," 198,000 "
S12000039,West Dunbartonshire,2024," 130,000 "," 155,510 "," 1,343 "," 208,849,444 "," 87,500 "," 201,500 "
S12000040,West Lothian,2004," 88,973 "," 104,317 "," 4,854 "," 506,354,585 "," 60,000 "," 136,271 "
S12000040,West Lothian,2005," 95,000 "," 112,907 "," 4,587 "," 517,902,685 "," 70,000 "," 145,000 "
S12000040,West Lothian,2006," 108,000 "," 127,466 "," 5,067 "," 645,871,919 "," 83,000 "," 160,600 "
S12000040,West Lothian,2007," 123,000 "," 141,950 "," 5,092 "," 722,809,656 "," 96,000 "," 173,710 "
S12000040,West Lothian,2008," 124,000 "," 143,234 "," 3,153 "," 451,616,930 "," 97,000 "," 175,000 "
S12000040,West Lothian,2009," 120,000 "," 138,036 "," 1,826 "," 252,053,860 "," 91,625 "," 165,000 "
S12000040,West Lothian,2010," 120,000 "," 142,327 "," 1,939 "," 275,971,799 "," 90,000 "," 173,748 "
S12000040,West Lothian,2011," 117,500 "," 143,215 "," 1,839 "," 263,372,183 "," 87,500 "," 175,000 "
S12000040,West Lothian,2012," 120,000 "," 139,848 "," 2,027 "," 283,471,527 "," 85,142 "," 170,000 "
S12000040,West Lothian,2013," 121,000 "," 140,350 "," 2,299 "," 322,663,544 "," 85,000 "," 172,995 "
S12000040,West Lothian,2014," 125,000 "," 147,452 "," 2,813 "," 414,781,570 "," 89,950 "," 185,000 "
S12000040,West Lothian,2015," 138,500 "," 159,857 "," 3,066 "," 490,122,054 "," 95,000 "," 200,000 "
S12000040,West Lothian,2016," 135,000 "," 159,276 "," 3,150 "," 501,720,550 "," 95,000 "," 205,000 "
S12000040,West Lothian,2017," 133,948 "," 159,339 "," 3,334 "," 531,236,594 "," 97,000 "," 200,000 "
S12000040,West Lothian,2018," 144,995 "," 171,399 "," 3,139 "," 538,020,422 "," 110,000 "," 212,995 "
S12000040,West Lothian,2019," 155,000 "," 180,241 "," 3,285 "," 592,090,598 "," 115,000 "," 230,000 "
S12000040,West Lothian,2020," 165,125 "," 193,558 "," 2,859 "," 553,383,260 "," 120,000 "," 245,000 "
S12000040,West Lothian,2021," 180,000 "," 211,062 "," 3,561 "," 751,593,046 "," 127,000 "," 275,000 "
S12000040,West Lothian,2022," 204,498 "," 237,667 "," 3,276 "," 778,597,244 "," 139,000 "," 315,000 "
S12000040,West Lothian,2023," 210,000 "," 237,523 "," 3,003 "," 713,280,415 "," 140,050 "," 311,498 "
S12000040,West Lothian,2024," 205,000 "," 239,072 "," 3,334 "," 797,067,503 "," 140,000 "," 305,500 "
S12000041,Angus,2004," 72,000 "," 89,919 "," 2,607 "," 234,419,571 "," 39,100 "," 126,658 "
S12000041,Angus,2005," 90,000 "," 106,860 "," 2,704 "," 288,948,751 "," 55,215 "," 146,996 "
S12000041,Angus,2006," 106,050 "," 123,343 "," 2,817 "," 347,457,643 "," 70,000 "," 165,000 "
S12000041,Angus,2007," 125,000 "," 141,856 "," 2,887 "," 409,537,308 "," 84,810 "," 184,675 "
S12000041,Angus,2008," 125,000 "," 144,874 "," 2,075 "," 300,613,349 "," 84,000 "," 185,000 "
S12000041,Angus,2009," 122,500 "," 139,441 "," 1,407 "," 196,193,459 "," 81,500 "," 175,000 "
S12000041,Angus,2010," 125,000 "," 144,972 "," 1,580 "," 229,055,916 "," 85,000 "," 180,436 "
S12000041,Angus,2011," 125,000 "," 142,551 "," 1,379 "," 196,578,512 "," 84,000 "," 182,000 "
S12000041,Angus,2012," 128,000 "," 143,712 "," 1,377 "," 197,892,056 "," 85,000 "," 180,000 "
S12000041,Angus,2013," 131,500 "," 145,780 "," 1,760 "," 256,572,095 "," 85,000 "," 185,000 "
S12000041,Angus,2014," 142,500 "," 154,854 "," 1,995 "," 308,933,462 "," 90,000 "," 195,975 "
S12000041,Angus,2015," 142,865 "," 154,736 "," 1,967 "," 304,366,080 "," 90,925 "," 199,998 "
S12000041,Angus,2016," 146,598 "," 159,711 "," 2,014 "," 321,657,475 "," 91,000 "," 210,000 "
S12000041,Angus,2017," 144,000 "," 158,866 "," 2,104 "," 334,253,630 "," 90,075 "," 210,000 "
S12000041,Angus,2018," 150,000 "," 165,061 "," 2,068 "," 341,346,291 "," 94,875 "," 216,996 "
S12000041,Angus,2019," 155,345 "," 167,652 "," 2,100 "," 352,068,793 "," 99,000 "," 223,000 "
S12000041,Angus,2020," 160,000 "," 173,728 "," 1,832 "," 318,269,704 "," 100,400 "," 227,000 "
S12000041,Angus,2021," 165,000 "," 183,612 "," 2,583 "," 474,268,689 "," 105,000 "," 240,140 "
S12000041,Angus,2022," 175,000 "," 193,387 "," 2,140 "," 413,847,534 "," 110,000 "," 253,488 "
S12000041,Angus,2023," 170,000 "," 187,599 "," 1,805 "," 338,616,791 "," 110,000 "," 247,500 "
S12000041,Angus,2024," 182,000 "," 201,515 "," 1,842 "," 371,190,298 "," 115,000 "," 263,000 "
S12000042,Dundee City,2004," 60,000 "," 76,228 "," 3,561 "," 271,449,613 "," 35,000 "," 102,500 "
S12000042,Dundee City,2005," 75,000 "," 91,644 "," 3,774 "," 345,864,280 "," 45,638 "," 120,000 "
S12000042,Dundee City,2006," 90,000 "," 106,911 "," 4,057 "," 433,737,066 "," 60,000 "," 141,677 "
S12000042,Dundee City,2007," 110,000 "," 128,243 "," 4,380 "," 561,704,917 "," 75,500 "," 170,000 "
S12000042,Dundee City,2008," 106,075 "," 126,090 "," 2,902 "," 365,914,240 "," 75,000 "," 168,000 "
S12000042,Dundee City,2009," 110,000 "," 126,831 "," 1,898 "," 240,725,225 "," 75,000 "," 169,713 "
S12000042,Dundee City,2010," 105,000 "," 124,984 "," 2,011 "," 251,343,506 "," 74,000 "," 160,000 "
S12000042,Dundee City,2011," 102,000 "," 123,343 "," 1,775 "," 218,933,337 "," 72,000 "," 160,000 "
S12000042,Dundee City,2012," 100,550 "," 124,572 "," 1,879 "," 234,071,150 "," 71,000 "," 159,975 "
S12000042,Dundee City,2013," 110,000 "," 126,304 "," 2,112 "," 266,753,041 "," 74,000 "," 163,996 "
S12000042,Dundee City,2014," 110,000 "," 126,122 "," 2,192 "," 276,459,341 "," 73,000 "," 167,125 "
S12000042,Dundee City,2015," 112,643 "," 130,443 "," 2,336 "," 304,714,776 "," 75,000 "," 170,000 "
S12000042,Dundee City,2016," 115,000 "," 132,294 "," 2,611 "," 345,420,527 "," 75,000 "," 176,420 "
S12000042,Dundee City,2017," 115,000 "," 135,323 "," 2,585 "," 349,811,071 "," 77,000 "," 180,000 "
S12000042,Dundee City,2018," 117,100 "," 139,383 "," 2,579 "," 359,468,937 "," 80,000 "," 180,000 "
S12000042,Dundee City,2019," 125,000 "," 143,096 "," 2,636 "," 377,201,556 "," 80,000 "," 190,000 "
S12000042,Dundee City,2020," 133,000 "," 152,766 "," 2,288 "," 349,527,671 "," 86,000 "," 200,000 "
S12000042,Dundee City,2021," 140,000 "," 163,251 "," 3,221 "," 525,832,404 "," 92,000 "," 215,000 "
S12000042,Dundee City,2022," 136,000 "," 167,512 "," 2,863 "," 479,587,062 "," 90,000 "," 224,998 "
S12000042,Dundee City,2023," 135,000 "," 163,720 "," 2,397 "," 392,436,688 "," 90,000 "," 220,000 "
S12000042,Dundee City,2024," 137,000 "," 165,680 "," 2,637 "," 436,898,849 "," 91,000 "," 225,000 "
S12000045,East Dunbartonshire,2004," 125,300 "," 150,977 "," 2,208 "," 333,357,397 "," 75,000 "," 203,000 "
S12000045,East Dunbartonshire,2005," 147,500 "," 169,400 "," 2,344 "," 397,073,488 "," 92,000 "," 220,000 "
S12000045,East Dunbartonshire,2006," 153,325 "," 179,393 "," 2,311 "," 414,576,421 "," 98,000 "," 223,000 "
S12000045,East Dunbartonshire,2007," 165,000 "," 194,392 "," 2,549 "," 495,505,203 "," 110,000 "," 240,000 "
S12000045,East Dunbartonshire,2008," 165,000 "," 209,564 "," 1,603 "," 335,931,337 "," 110,000 "," 245,000 "
S12000045,East Dunbartonshire,2009," 160,000 "," 193,831 "," 1,223 "," 237,054,862 "," 115,000 "," 229,000 "
S12000045,East Dunbartonshire,2010," 162,750 "," 202,722 "," 1,334 "," 270,431,231 "," 110,000 "," 246,917 "
S12000045,East Dunbartonshire,2011," 168,750 "," 206,248 "," 1,336 "," 275,547,527 "," 115,000 "," 250,000 "
S12000045,East Dunbartonshire,2012," 170,475 "," 206,172 "," 1,456 "," 300,186,662 "," 117,500 "," 263,000 "
S12000045,East Dunbartonshire,2013," 173,000 "," 210,483 "," 1,695 "," 356,769,337 "," 120,000 "," 265,995 "
S12000045,East Dunbartonshire,2014," 184,998 "," 221,017 "," 1,976 "," 436,730,287 "," 125,000 "," 285,000 "
S12000045,East Dunbartonshire,2015," 185,000 "," 221,505 "," 1,959 "," 433,929,212 "," 127,250 "," 290,000 "
S12000045,East Dunbartonshire,2016," 186,000 "," 219,485 "," 1,919 "," 421,191,177 "," 122,500 "," 285,525 "
S12000045,East Dunbartonshire,2017," 199,995 "," 235,966 "," 2,063 "," 486,798,187 "," 129,250 "," 301,000 "
S12000045,East Dunbartonshire,2018," 210,000 "," 247,804 "," 1,867 "," 462,649,473 "," 140,000 "," 320,000 "
S12000045,East Dunbartonshire,2019," 219,995 "," 255,478 "," 2,038 "," 520,663,716 "," 145,000 "," 335,000 "
S12000045,East Dunbartonshire,2020," 219,000 "," 256,130 "," 1,673 "," 428,504,702 "," 147,000 "," 322,000 "
S12000045,East Dunbartonshire,2021," 235,574 "," 278,173 "," 1,959 "," 544,940,670 "," 155,000 "," 371,640 "
S12000045,East Dunbartonshire,2022," 251,025 "," 296,316 "," 1,725 "," 511,145,258 "," 162,995 "," 382,399 "
S12000045,East Dunbartonshire,2023," 254,500 "," 299,597 "," 1,646 "," 493,135,889 "," 170,000 "," 380,000 "
S12000045,East Dunbartonshire,2024," 266,750 "," 307,208 "," 1,798 "," 552,359,447 "," 175,000 "," 385,000 "
S12000047,Fife,2004," 74,500 "," 95,405 "," 9,789 "," 933,919,056 "," 45,000 "," 130,000 "
S12000047,Fife,2005," 87,000 "," 108,342 "," 10,164 "," 1,101,187,594 "," 58,000 "," 144,000 "
S12000047,Fife,2006," 97,838 "," 120,133 "," 10,680 "," 1,283,017,647 "," 69,000 "," 157,500 "
S12000047,Fife,2007," 112,500 "," 135,350 "," 11,126 "," 1,505,906,320 "," 80,000 "," 174,000 "
S12000047,Fife,2008," 118,000 "," 143,350 "," 6,852 "," 982,237,071 "," 80,500 "," 181,000 "
S12000047,Fife,2009," 116,125 "," 136,173 "," 4,742 "," 645,732,441 "," 75,000 "," 172,999 "
S12000047,Fife,2010," 115,000 "," 137,488 "," 5,140 "," 706,686,177 "," 73,500 "," 175,000 "
S12000047,Fife,2011," 114,500 "," 136,455 "," 4,874 "," 665,081,499 "," 74,000 "," 172,500 "
S12000047,Fife,2012," 110,250 "," 133,240 "," 4,904 "," 653,410,118 "," 72,000 "," 170,000 "
S12000047,Fife,2013," 112,000 "," 132,895 "," 5,812 "," 772,385,162 "," 73,000 "," 171,026 "
S12000047,Fife,2014," 120,000 "," 140,417 "," 6,266 "," 879,854,003 "," 75,500 "," 177,500 "
S12000047,Fife,2015," 123,500 "," 148,806 "," 6,497 "," 966,789,900 "," 80,000 "," 186,500 "
S12000047,Fife,2016," 125,000 "," 149,986 "," 6,583 "," 987,354,656 "," 80,000 "," 190,000 "
S12000047,Fife,2017," 130,000 "," 155,122 "," 6,945 "," 1,077,320,364 "," 85,000 "," 198,500 "
S12000047,Fife,2018," 137,000 "," 160,653 "," 6,956 "," 1,117,505,683 "," 87,969 "," 205,000 "
S12000047,Fife,2019," 135,000 "," 160,969 "," 7,063 "," 1,136,923,527 "," 87,000 "," 208,000 "
S12000047,Fife,2020," 144,000 "," 171,112 "," 5,883 "," 1,006,654,481 "," 91,000 "," 221,000 "
S12000047,Fife,2021," 151,000 "," 184,544 "," 7,618 "," 1,405,855,156 "," 96,000 "," 236,995 "
S12000047,Fife,2022," 157,006 "," 198,005 "," 6,720 "," 1,330,593,781 "," 102,500 "," 251,603 "
S12000047,Fife,2023," 170,000 "," 205,175 "," 6,399 "," 1,312,914,603 "," 109,500 "," 264,000 "
S12000047,Fife,2024," 175,000 "," 211,728 "," 6,656 "," 1,409,261,340 "," 110,000 "," 270,000 "
S12000048,Perth and Kinross,2004," 97,000 "," 120,363 "," 3,641 "," 438,240,871 "," 53,500 "," 162,997 "
S12000048,Perth and Kinross,2005," 115,000 "," 136,122 "," 3,735 "," 508,413,822 "," 70,000 "," 178,998 "
S12000048,Perth and Kinross,2006," 131,310 "," 152,859 "," 4,105 "," 627,484,913 "," 81,575 "," 192,500 "
S12000048,Perth and Kinross,2007," 148,000 "," 177,071 "," 4,246 "," 751,841,462 "," 99,025 "," 219,999 "
S12000048,Perth and Kinross,2008," 146,250 "," 182,216 "," 2,876 "," 524,053,889 "," 100,000 "," 220,825 "
S12000048,Perth and Kinross,2009," 145,000 "," 172,520 "," 1,932 "," 333,307,836 "," 98,000 "," 215,000 "
S12000048,Perth and Kinross,2010," 146,562 "," 179,896 "," 2,230 "," 401,168,587 "," 98,000 "," 225,000 "
S12000048,Perth and Kinross,2011," 155,000 "," 183,334 "," 1,989 "," 364,652,123 "," 104,000 "," 230,000 "
S12000048,Perth and Kinross,2012," 150,000 "," 180,685 "," 1,977 "," 357,214,439 "," 100,000 "," 225,000 "
S12000048,Perth and Kinross,2013," 150,000 "," 178,353 "," 2,292 "," 408,786,003 "," 101,375 "," 221,412 "
S12000048,Perth and Kinross,2014," 159,975 "," 187,741 "," 2,706 "," 508,027,071 "," 109,000 "," 235,000 "
S12000048,Perth and Kinross,2015," 164,775 "," 191,349 "," 2,866 "," 548,406,960 "," 110,000 "," 242,375 "
S12000048,Perth and Kinross,2016," 162,500 "," 187,872 "," 2,957 "," 555,537,845 "," 112,500 "," 237,500 "
S12000048,Perth and Kinross,2017," 167,000 "," 196,605 "," 3,108 "," 611,047,400 "," 118,500 "," 245,000 "
S12000048,Perth and Kinross,2018," 171,000 "," 195,807 "," 3,104 "," 607,783,783 "," 120,000 "," 245,000 "
S12000048,Perth and Kinross,2019," 176,500 "," 204,078 "," 3,066 "," 625,703,468 "," 125,000 "," 251,375 "
S12000048,Perth and Kinross,2020," 190,000 "," 219,851 "," 2,583 "," 567,875,115 "," 130,000 "," 270,000 "
S12000048,Perth and Kinross,2021," 197,500 "," 231,405 "," 3,741 "," 865,686,552 "," 130,000 "," 285,995 "
S12000048,Perth and Kinross,2022," 212,000 "," 247,748 "," 3,153 "," 781,150,851 "," 140,000 "," 310,000 "
S12000048,Perth and Kinross,2023," 219,995 "," 248,055 "," 2,843 "," 705,220,035 "," 145,000 "," 307,750 "
S12000048,Perth and Kinross,2024," 215,000 "," 248,984 "," 3,055 "," 760,646,992 "," 145,000 "," 310,000 "
S12000049,Glasgow City,2004," 92,750 "," 110,290 "," 16,153 "," 1,781,513,694 "," 60,000 "," 140,000 "
S12000049,Glasgow City,2005," 104,000 "," 121,562 "," 16,749 "," 2,036,042,507 "," 72,000 "," 150,000 "
S12000049,Glasgow City,2006," 113,263 "," 131,684 "," 18,286 "," 2,407,982,045 "," 80,000 "," 157,500 "
S12000049,Glasgow City,2007," 125,000 "," 143,584 "," 19,274 "," 2,767,429,328 "," 90,000 "," 169,504 "
S12000049,Glasgow City,2008," 120,000 "," 139,630 "," 12,577 "," 1,756,127,703 "," 86,000 "," 164,000 "
S12000049,Glasgow City,2009," 115,000 "," 132,128 "," 8,024 "," 1,060,194,385 "," 80,000 "," 157,044 "
S12000049,Glasgow City,2010," 115,000 "," 134,846 "," 8,123 "," 1,095,351,276 "," 78,000 "," 160,000 "
S12000049,Glasgow City,2011," 113,000 "," 133,897 "," 7,472 "," 1,000,479,995 "," 75,000 "," 162,000 "
S12000049,Glasgow City,2012," 106,500 "," 127,810 "," 7,658 "," 978,765,437 "," 70,000 "," 156,000 "
S12000049,Glasgow City,2013," 104,950 "," 126,775 "," 8,982 "," 1,138,690,320 "," 67,000 "," 155,000 "
S12000049,Glasgow City,2014," 110,000 "," 129,714 "," 10,333 "," 1,340,337,793 "," 69,995 "," 159,500 "
S12000049,Glasgow City,2015," 117,000 "," 138,499 "," 11,586 "," 1,604,646,528 "," 75,000 "," 170,000 "
S12000049,Glasgow City,2016," 120,000 "," 141,112 "," 11,794 "," 1,664,278,962 "," 77,500 "," 174,995 "
S12000049,Glasgow City,2017," 128,995 "," 152,381 "," 12,153 "," 1,851,886,727 "," 83,000 "," 187,225 "
S12000049,Glasgow City,2018," 136,000 "," 159,783 "," 11,692 "," 1,868,183,207 "," 89,825 "," 195,000 "
S12000049,Glasgow City,2019," 138,000 "," 160,444 "," 11,838 "," 1,899,338,636 "," 90,203 "," 195,000 "
S12000049,Glasgow City,2020," 149,535 "," 173,889 "," 9,418 "," 1,637,683,586 "," 96,467 "," 210,000 "
S12000049,Glasgow City,2021," 160,000 "," 189,150 "," 13,653 "," 2,582,467,092 "," 110,000 "," 228,500 "
S12000049,Glasgow City,2022," 172,441 "," 202,174 "," 11,764 "," 2,378,377,540 "," 117,735 "," 245,751 "
S12000049,Glasgow City,2023," 173,000 "," 203,792 "," 10,459 "," 2,131,455,977 "," 120,000 "," 245,000 "
S12000049,Glasgow City,2024," 180,000 "," 208,739 "," 10,903 "," 2,275,880,681 "," 127,500 "," 251,364 "
S12000050,North Lanarkshire,2004," 64,000 "," 76,558 "," 8,260 "," 632,365,798 "," 36,000 "," 97,500 "
S12000050,North Lanarkshire,2005," 76,000 "," 91,913 "," 9,028 "," 829,793,827 "," 48,000 "," 122,950 "
S12000050,North Lanarkshire,2006," 88,000 "," 104,245 "," 9,464 "," 986,572,923 "," 60,000 "," 136,996 "
S12000050,North Lanarkshire,2007," 95,000 "," 113,215 "," 9,397 "," 1,063,884,813 "," 69,000 "," 145,995 "
S12000050,North Lanarkshire,2008," 95,835 "," 115,381 "," 6,124 "," 706,591,284 "," 70,000 "," 148,000 "
S12000050,North Lanarkshire,2009," 92,000 "," 109,078 "," 3,422 "," 373,264,198 "," 68,500 "," 140,000 "
S12000050,North Lanarkshire,2010," 94,000 "," 110,698 "," 3,521 "," 389,769,241 "," 68,000 "," 140,000 "
S12000050,North Lanarkshire,2011," 92,000 "," 113,170 "," 3,473 "," 393,039,558 "," 65,000 "," 146,000 "
S12000050,North Lanarkshire,2012," 89,995 "," 110,254 "," 3,759 "," 414,443,419 "," 60,000 "," 147,885 "
S12000050,North Lanarkshire,2013," 91,500 "," 111,392 "," 4,178 "," 465,395,101 "," 63,500 "," 150,000 "
S12000050,North Lanarkshire,2014," 95,000 "," 114,400 "," 4,807 "," 549,921,780 "," 63,000 "," 156,995 "
S12000050,North Lanarkshire,2015," 97,000 "," 118,099 "," 5,142 "," 607,265,133 "," 67,000 "," 160,000 "
S12000050,North Lanarkshire,2016," 100,000 "," 120,676 "," 5,423 "," 654,425,750 "," 67,000 "," 164,995 "
S12000050,North Lanarkshire,2017," 105,000 "," 125,149 "," 5,592 "," 699,833,434 "," 69,500 "," 170,000 "
S12000050,North Lanarkshire,2018," 112,500 "," 135,316 "," 5,699 "," 771,164,092 "," 73,000 "," 187,000 "
S12000050,North Lanarkshire,2019," 119,000 "," 139,213 "," 5,884 "," 819,127,756 "," 75,000 "," 190,000 "
S12000050,North Lanarkshire,2020," 119,000 "," 141,522 "," 4,732 "," 669,683,543 "," 78,094 "," 194,995 "
S12000050,North Lanarkshire,2021," 120,000 "," 143,552 "," 5,872 "," 842,937,720 "," 80,138 "," 195,000 "
S12000050,North Lanarkshire,2022," 130,875 "," 158,691 "," 5,568 "," 883,594,010 "," 88,000 "," 214,995 "
S12000050,North Lanarkshire,2023," 135,000 "," 165,503 "," 5,104 "," 844,729,675 "," 92,500 "," 225,000 "
S12000050,North Lanarkshire,2024," 143,000 "," 174,714 "," 5,387 "," 941,184,536 "," 97,000 "," 238,250 "
